Source,Target,Association
$resource,fl_dn1,core.ResourceParentChild
fl_dn1,fl_s1,custom.data.world.DatabaseToSchema
fl_dn1,fl_s2,custom.data.world.DatabaseToSchema
fl_dn1,fl_s3,custom.data.world.DatabaseToSchema
fl_s1,fl_tn1,custom.data.world.SchemaToTable
fl_s2,fl_tn2,custom.data.world.SchemaToTable
fl_s3,fl_tn3,custom.data.world.SchemaToTable
fl_tn1,fl_dn1_tn1_s1_cn1,custom.data.world.TableToColumn
fl_tn1,fl_dn1_tn1_s1_cn2,custom.data.world.TableToColumn
fl_tn1,fl_dn1_tn1_s1_cn3,custom.data.world.TableToColumn
fl_tn1,fl_dn1_tn1_s1_cn4,custom.data.world.TableToColumn
fl_tn1,fl_dn1_tn1_s1_cn5,custom.data.world.TableToColumn
fl_tn1,fl_dn1_tn1_s1_cn6,custom.data.world.TableToColumn
fl_tn1,fl_dn1_tn1_s1_cn7,custom.data.world.TableToColumn
fl_tn1,fl_dn1_tn1_s1_cn8,custom.data.world.TableToColumn
fl_tn1,fl_dn1_tn1_s1_cn9,custom.data.world.TableToColumn
fl_tn1,fl_dn1_tn1_s1_cn10,custom.data.world.TableToColumn
fl_tn1,fl_dn1_tn1_s1_cn11,custom.data.world.TableToColumn
fl_tn1,fl_dn1_tn1_s1_cn12,custom.data.world.TableToColumn
fl_tn1,fl_dn1_tn1_s1_cn13,custom.data.world.TableToColumn
fl_tn1,fl_dn1_tn1_s1_cn14,custom.data.world.TableToColumn
fl_tn1,fl_dn1_tn1_s1_cn15,custom.data.world.TableToColumn
fl_tn1,fl_dn1_tn1_s1_cn16,custom.data.world.TableToColumn
fl_tn1,fl_dn1_tn1_s1_cn17,custom.data.world.TableToColumn
fl_tn1,fl_dn1_tn1_s1_cn18,custom.data.world.TableToColumn
fl_tn1,fl_dn1_tn1_s1_cn19,custom.data.world.TableToColumn
fl_tn1,fl_dn1_tn1_s1_cn20,custom.data.world.TableToColumn
fl_tn1,fl_dn1_tn1_s1_cn21,custom.data.world.TableToColumn
fl_tn1,fl_dn1_tn1_s1_cn22,custom.data.world.TableToColumn
fl_tn1,fl_dn1_tn1_s1_cn23,custom.data.world.TableToColumn
fl_tn1,fl_dn1_tn1_s1_cn24,custom.data.world.TableToColumn
fl_tn1,fl_dn1_tn1_s1_cn25,custom.data.world.TableToColumn
fl_tn1,fl_dn1_tn1_s1_cn26,custom.data.world.TableToColumn
fl_tn1,fl_dn1_tn1_s1_cn27,custom.data.world.TableToColumn
fl_tn1,fl_dn1_tn1_s1_cn28,custom.data.world.TableToColumn
fl_tn1,fl_dn1_tn1_s1_cn29,custom.data.world.TableToColumn
fl_tn1,fl_dn1_tn1_s1_cn30,custom.data.world.TableToColumn
fl_tn1,fl_dn1_tn1_s1_cn31,custom.data.world.TableToColumn
fl_tn1,fl_dn1_tn1_s1_cn32,custom.data.world.TableToColumn
fl_tn1,fl_dn1_tn1_s1_cn33,custom.data.world.TableToColumn
fl_tn1,fl_dn1_tn1_s1_cn34,custom.data.world.TableToColumn
fl_tn1,fl_dn1_tn1_s1_cn35,custom.data.world.TableToColumn
fl_tn1,fl_dn1_tn1_s1_cn36,custom.data.world.TableToColumn
fl_tn1,fl_dn1_tn1_s1_cn37,custom.data.world.TableToColumn
fl_tn1,fl_dn1_tn1_s1_cn38,custom.data.world.TableToColumn
fl_tn1,fl_dn1_tn1_s1_cn39,custom.data.world.TableToColumn
fl_tn1,fl_dn1_tn1_s1_cn40,custom.data.world.TableToColumn
fl_tn1,fl_dn1_tn1_s1_cn41,custom.data.world.TableToColumn
fl_tn1,fl_dn1_tn1_s1_cn42,custom.data.world.TableToColumn
fl_tn1,fl_dn1_tn1_s1_cn43,custom.data.world.TableToColumn
fl_tn1,fl_dn1_tn1_s1_cn44,custom.data.world.TableToColumn
fl_tn1,fl_dn1_tn1_s1_cn45,custom.data.world.TableToColumn
fl_tn1,fl_dn1_tn1_s1_cn46,custom.data.world.TableToColumn
fl_tn1,fl_dn1_tn1_s1_cn47,custom.data.world.TableToColumn
fl_tn1,fl_dn1_tn1_s1_cn48,custom.data.world.TableToColumn
fl_tn2,fl_dn1_tn2_s2_cn1,custom.data.world.TableToColumn
fl_tn2,fl_dn1_tn2_s2_cn2,custom.data.world.TableToColumn
fl_tn2,fl_dn1_tn2_s2_cn3,custom.data.world.TableToColumn
fl_tn2,fl_dn1_tn2_s2_cn4,custom.data.world.TableToColumn
fl_tn2,fl_dn1_tn2_s2_cn5,custom.data.world.TableToColumn
fl_tn2,fl_dn1_tn2_s2_cn6,custom.data.world.TableToColumn
fl_tn2,fl_dn1_tn2_s2_cn7,custom.data.world.TableToColumn
fl_tn2,fl_dn1_tn2_s2_cn8,custom.data.world.TableToColumn
fl_tn2,fl_dn1_tn2_s2_cn9,custom.data.world.TableToColumn
fl_tn2,fl_dn1_tn2_s2_cn10,custom.data.world.TableToColumn
fl_tn2,fl_dn1_tn2_s2_cn11,custom.data.world.TableToColumn
fl_tn2,fl_dn1_tn2_s2_cn12,custom.data.world.TableToColumn
fl_tn2,fl_dn1_tn2_s2_cn13,custom.data.world.TableToColumn
fl_tn2,fl_dn1_tn2_s2_cn14,custom.data.world.TableToColumn
fl_tn2,fl_dn1_tn2_s2_cn15,custom.data.world.TableToColumn
fl_tn2,fl_dn1_tn2_s2_cn16,custom.data.world.TableToColumn
fl_tn2,fl_dn1_tn2_s2_cn17,custom.data.world.TableToColumn
fl_tn2,fl_dn1_tn2_s2_cn18,custom.data.world.TableToColumn
fl_tn2,fl_dn1_tn2_s2_cn19,custom.data.world.TableToColumn
fl_tn2,fl_dn1_tn2_s2_cn20,custom.data.world.TableToColumn
fl_tn2,fl_dn1_tn2_s2_cn21,custom.data.world.TableToColumn
fl_tn2,fl_dn1_tn2_s2_cn22,custom.data.world.TableToColumn
fl_tn2,fl_dn1_tn2_s2_cn23,custom.data.world.TableToColumn
fl_tn2,fl_dn1_tn2_s2_cn24,custom.data.world.TableToColumn
fl_tn2,fl_dn1_tn2_s2_cn25,custom.data.world.TableToColumn
fl_tn2,fl_dn1_tn2_s2_cn26,custom.data.world.TableToColumn
fl_tn2,fl_dn1_tn2_s2_cn27,custom.data.world.TableToColumn
fl_tn2,fl_dn1_tn2_s2_cn28,custom.data.world.TableToColumn
fl_tn2,fl_dn1_tn2_s2_cn29,custom.data.world.TableToColumn
fl_tn2,fl_dn1_tn2_s2_cn30,custom.data.world.TableToColumn
fl_tn2,fl_dn1_tn2_s2_cn31,custom.data.world.TableToColumn
fl_tn2,fl_dn1_tn2_s2_cn32,custom.data.world.TableToColumn
fl_tn2,fl_dn1_tn2_s2_cn33,custom.data.world.TableToColumn
fl_tn2,fl_dn1_tn2_s2_cn34,custom.data.world.TableToColumn
fl_tn2,fl_dn1_tn2_s2_cn35,custom.data.world.TableToColumn
fl_tn2,fl_dn1_tn2_s2_cn36,custom.data.world.TableToColumn
fl_tn2,fl_dn1_tn2_s2_cn37,custom.data.world.TableToColumn
fl_tn2,fl_dn1_tn2_s2_cn38,custom.data.world.TableToColumn
fl_tn2,fl_dn1_tn2_s2_cn39,custom.data.world.TableToColumn
fl_tn2,fl_dn1_tn2_s2_cn40,custom.data.world.TableToColumn
fl_tn2,fl_dn1_tn2_s2_cn41,custom.data.world.TableToColumn
fl_tn2,fl_dn1_tn2_s2_cn42,custom.data.world.TableToColumn
fl_tn2,fl_dn1_tn2_s2_cn43,custom.data.world.TableToColumn
fl_tn2,fl_dn1_tn2_s2_cn44,custom.data.world.TableToColumn
fl_tn2,fl_dn1_tn2_s2_cn45,custom.data.world.TableToColumn
fl_tn2,fl_dn1_tn2_s2_cn46,custom.data.world.TableToColumn
fl_tn2,fl_dn1_tn2_s2_cn47,custom.data.world.TableToColumn
fl_tn2,fl_dn1_tn2_s2_cn48,custom.data.world.TableToColumn
fl_tn2,fl_dn1_tn2_s2_cn49,custom.data.world.TableToColumn
fl_tn2,fl_dn1_tn2_s2_cn50,custom.data.world.TableToColumn
fl_tn2,fl_dn1_tn2_s2_cn51,custom.data.world.TableToColumn
fl_tn2,fl_dn1_tn2_s2_cn52,custom.data.world.TableToColumn
fl_tn2,fl_dn1_tn2_s2_cn53,custom.data.world.TableToColumn
fl_tn2,fl_dn1_tn2_s2_cn54,custom.data.world.TableToColumn
fl_tn2,fl_dn1_tn2_s2_cn55,custom.data.world.TableToColumn
fl_tn2,fl_dn1_tn2_s2_cn56,custom.data.world.TableToColumn
fl_tn2,fl_dn1_tn2_s2_cn57,custom.data.world.TableToColumn
fl_tn2,fl_dn1_tn2_s2_cn58,custom.data.world.TableToColumn
fl_tn2,fl_dn1_tn2_s2_cn59,custom.data.world.TableToColumn
fl_tn2,fl_dn1_tn2_s2_cn60,custom.data.world.TableToColumn
fl_tn2,fl_dn1_tn2_s2_cn61,custom.data.world.TableToColumn
fl_tn2,fl_dn1_tn2_s2_cn62,custom.data.world.TableToColumn
fl_tn2,fl_dn1_tn2_s2_cn63,custom.data.world.TableToColumn
fl_tn2,fl_dn1_tn2_s2_cn64,custom.data.world.TableToColumn
fl_tn2,fl_dn1_tn2_s2_cn65,custom.data.world.TableToColumn
fl_tn2,fl_dn1_tn2_s2_cn66,custom.data.world.TableToColumn
fl_tn2,fl_dn1_tn2_s2_cn67,custom.data.world.TableToColumn
fl_tn2,fl_dn1_tn2_s2_cn68,custom.data.world.TableToColumn
fl_tn2,fl_dn1_tn2_s2_cn69,custom.data.world.TableToColumn
fl_tn2,fl_dn1_tn2_s2_cn70,custom.data.world.TableToColumn
fl_tn2,fl_dn1_tn2_s2_cn71,custom.data.world.TableToColumn
fl_tn2,fl_dn1_tn2_s2_cn72,custom.data.world.TableToColumn
fl_tn2,fl_dn1_tn2_s2_cn73,custom.data.world.TableToColumn
fl_tn2,fl_dn1_tn2_s2_cn74,custom.data.world.TableToColumn
fl_tn2,fl_dn1_tn2_s2_cn75,custom.data.world.TableToColumn
fl_tn2,fl_dn1_tn2_s2_cn76,custom.data.world.TableToColumn
fl_tn2,fl_dn1_tn2_s2_cn77,custom.data.world.TableToColumn
fl_tn2,fl_dn1_tn2_s2_cn78,custom.data.world.TableToColumn
fl_tn2,fl_dn1_tn2_s2_cn79,custom.data.world.TableToColumn
fl_tn2,fl_dn1_tn2_s2_cn80,custom.data.world.TableToColumn
fl_tn2,fl_dn1_tn2_s2_cn81,custom.data.world.TableToColumn
fl_tn2,fl_dn1_tn2_s2_cn82,custom.data.world.TableToColumn
fl_tn2,fl_dn1_tn2_s2_cn83,custom.data.world.TableToColumn
fl_tn2,fl_dn1_tn2_s2_cn84,custom.data.world.TableToColumn
fl_tn2,fl_dn1_tn2_s2_cn85,custom.data.world.TableToColumn
fl_tn2,fl_dn1_tn2_s2_cn86,custom.data.world.TableToColumn
fl_tn2,fl_dn1_tn2_s2_cn87,custom.data.world.TableToColumn
fl_tn2,fl_dn1_tn2_s2_cn88,custom.data.world.TableToColumn
fl_tn2,fl_dn1_tn2_s2_cn89,custom.data.world.TableToColumn
fl_tn2,fl_dn1_tn2_s2_cn90,custom.data.world.TableToColumn
fl_tn2,fl_dn1_tn2_s2_cn91,custom.data.world.TableToColumn
fl_tn2,fl_dn1_tn2_s2_cn92,custom.data.world.TableToColumn
fl_tn2,fl_dn1_tn2_s2_cn93,custom.data.world.TableToColumn
fl_tn2,fl_dn1_tn2_s2_cn94,custom.data.world.TableToColumn
fl_tn2,fl_dn1_tn2_s2_cn95,custom.data.world.TableToColumn
fl_tn2,fl_dn1_tn2_s2_cn96,custom.data.world.TableToColumn
fl_tn2,fl_dn1_tn2_s2_cn97,custom.data.world.TableToColumn
fl_tn2,fl_dn1_tn2_s2_cn98,custom.data.world.TableToColumn
fl_tn2,fl_dn1_tn2_s2_cn99,custom.data.world.TableToColumn
fl_tn2,fl_dn1_tn2_s2_cn100,custom.data.world.TableToColumn
fl_tn2,fl_dn1_tn2_s2_cn101,custom.data.world.TableToColumn
fl_tn2,fl_dn1_tn2_s2_cn102,custom.data.world.TableToColumn
fl_tn2,fl_dn1_tn2_s2_cn103,custom.data.world.TableToColumn
fl_tn2,fl_dn1_tn2_s2_cn104,custom.data.world.TableToColumn
fl_tn2,fl_dn1_tn2_s2_cn105,custom.data.world.TableToColumn
fl_tn2,fl_dn1_tn2_s2_cn106,custom.data.world.TableToColumn
fl_tn2,fl_dn1_tn2_s2_cn107,custom.data.world.TableToColumn
fl_tn2,fl_dn1_tn2_s2_cn108,custom.data.world.TableToColumn
fl_tn2,fl_dn1_tn2_s2_cn109,custom.data.world.TableToColumn
fl_tn2,fl_dn1_tn2_s2_cn110,custom.data.world.TableToColumn
fl_tn2,fl_dn1_tn2_s2_cn111,custom.data.world.TableToColumn
fl_tn2,fl_dn1_tn2_s2_cn112,custom.data.world.TableToColumn
fl_tn2,fl_dn1_tn2_s2_cn113,custom.data.world.TableToColumn
fl_tn2,fl_dn1_tn2_s2_cn114,custom.data.world.TableToColumn
fl_tn2,fl_dn1_tn2_s2_cn115,custom.data.world.TableToColumn
fl_tn2,fl_dn1_tn2_s2_cn116,custom.data.world.TableToColumn
fl_tn2,fl_dn1_tn2_s2_cn117,custom.data.world.TableToColumn
fl_tn2,fl_dn1_tn2_s2_cn118,custom.data.world.TableToColumn
fl_tn2,fl_dn1_tn2_s2_cn119,custom.data.world.TableToColumn
fl_tn2,fl_dn1_tn2_s2_cn120,custom.data.world.TableToColumn
fl_tn2,fl_dn1_tn2_s2_cn121,custom.data.world.TableToColumn
fl_tn2,fl_dn1_tn2_s2_cn122,custom.data.world.TableToColumn
fl_tn2,fl_dn1_tn2_s2_cn123,custom.data.world.TableToColumn
fl_tn2,fl_dn1_tn2_s2_cn124,custom.data.world.TableToColumn
fl_tn2,fl_dn1_tn2_s2_cn125,custom.data.world.TableToColumn
fl_tn2,fl_dn1_tn2_s2_cn126,custom.data.world.TableToColumn
fl_tn2,fl_dn1_tn2_s2_cn127,custom.data.world.TableToColumn
fl_tn2,fl_dn1_tn2_s2_cn128,custom.data.world.TableToColumn
fl_tn2,fl_dn1_tn2_s2_cn129,custom.data.world.TableToColumn
fl_tn2,fl_dn1_tn2_s2_cn130,custom.data.world.TableToColumn
fl_tn2,fl_dn1_tn2_s2_cn131,custom.data.world.TableToColumn
fl_tn2,fl_dn1_tn2_s2_cn132,custom.data.world.TableToColumn
fl_tn2,fl_dn1_tn2_s2_cn133,custom.data.world.TableToColumn
fl_tn2,fl_dn1_tn2_s2_cn134,custom.data.world.TableToColumn
fl_tn2,fl_dn1_tn2_s2_cn135,custom.data.world.TableToColumn
fl_tn2,fl_dn1_tn2_s2_cn136,custom.data.world.TableToColumn
fl_tn2,fl_dn1_tn2_s2_cn137,custom.data.world.TableToColumn
fl_tn2,fl_dn1_tn2_s2_cn138,custom.data.world.TableToColumn
fl_tn2,fl_dn1_tn2_s2_cn139,custom.data.world.TableToColumn
fl_tn2,fl_dn1_tn2_s2_cn140,custom.data.world.TableToColumn
fl_tn2,fl_dn1_tn2_s2_cn141,custom.data.world.TableToColumn
fl_tn2,fl_dn1_tn2_s2_cn142,custom.data.world.TableToColumn
fl_tn2,fl_dn1_tn2_s2_cn143,custom.data.world.TableToColumn
fl_tn2,fl_dn1_tn2_s2_cn144,custom.data.world.TableToColumn
fl_tn2,fl_dn1_tn2_s2_cn145,custom.data.world.TableToColumn
fl_tn2,fl_dn1_tn2_s2_cn146,custom.data.world.TableToColumn
fl_tn2,fl_dn1_tn2_s2_cn147,custom.data.world.TableToColumn
fl_tn2,fl_dn1_tn2_s2_cn148,custom.data.world.TableToColumn
fl_tn2,fl_dn1_tn2_s2_cn149,custom.data.world.TableToColumn
fl_tn2,fl_dn1_tn2_s2_cn150,custom.data.world.TableToColumn
fl_tn3,fl_dn1_tn3_s3_cn1,custom.data.world.TableToColumn
fl_tn3,fl_dn1_tn3_s3_cn2,custom.data.world.TableToColumn
fl_tn3,fl_dn1_tn3_s3_cn3,custom.data.world.TableToColumn
fl_tn3,fl_dn1_tn3_s3_cn4,custom.data.world.TableToColumn
fl_tn3,fl_dn1_tn3_s3_cn5,custom.data.world.TableToColumn
fl_tn3,fl_dn1_tn3_s3_cn6,custom.data.world.TableToColumn
fl_tn3,fl_dn1_tn3_s3_cn7,custom.data.world.TableToColumn
fl_tn3,fl_dn1_tn3_s3_cn8,custom.data.world.TableToColumn
fl_tn3,fl_dn1_tn3_s3_cn9,custom.data.world.TableToColumn
fl_tn3,fl_dn1_tn3_s3_cn10,custom.data.world.TableToColumn
fl_tn3,fl_dn1_tn3_s3_cn11,custom.data.world.TableToColumn
fl_tn3,fl_dn1_tn3_s3_cn12,custom.data.world.TableToColumn
fl_tn3,fl_dn1_tn3_s3_cn13,custom.data.world.TableToColumn
fl_tn3,fl_dn1_tn3_s3_cn14,custom.data.world.TableToColumn
fl_tn3,fl_dn1_tn3_s3_cn15,custom.data.world.TableToColumn
fl_tn3,fl_dn1_tn3_s3_cn16,custom.data.world.TableToColumn
fl_tn3,fl_dn1_tn3_s3_cn17,custom.data.world.TableToColumn
fl_tn3,fl_dn1_tn3_s3_cn18,custom.data.world.TableToColumn
fl_tn3,fl_dn1_tn3_s3_cn19,custom.data.world.TableToColumn
fl_tn3,fl_dn1_tn3_s3_cn20,custom.data.world.TableToColumn
fl_tn3,fl_dn1_tn3_s3_cn21,custom.data.world.TableToColumn
fl_tn3,fl_dn1_tn3_s3_cn22,custom.data.world.TableToColumn
fl_tn3,fl_dn1_tn3_s3_cn23,custom.data.world.TableToColumn
fl_tn3,fl_dn1_tn3_s3_cn24,custom.data.world.TableToColumn
fl_tn3,fl_dn1_tn3_s3_cn25,custom.data.world.TableToColumn
fl_tn3,fl_dn1_tn3_s3_cn26,custom.data.world.TableToColumn
fl_tn3,fl_dn1_tn3_s3_cn27,custom.data.world.TableToColumn
fl_tn3,fl_dn1_tn3_s3_cn28,custom.data.world.TableToColumn
fl_tn3,fl_dn1_tn3_s3_cn29,custom.data.world.TableToColumn
fl_tn3,fl_dn1_tn3_s3_cn30,custom.data.world.TableToColumn
fl_tn3,fl_dn1_tn3_s3_cn31,custom.data.world.TableToColumn
fl_tn3,fl_dn1_tn3_s3_cn32,custom.data.world.TableToColumn
fl_tn3,fl_dn1_tn3_s3_cn33,custom.data.world.TableToColumn
fl_tn3,fl_dn1_tn3_s3_cn34,custom.data.world.TableToColumn
fl_tn3,fl_dn1_tn3_s3_cn35,custom.data.world.TableToColumn
fl_tn3,fl_dn1_tn3_s3_cn36,custom.data.world.TableToColumn
fl_tn3,fl_dn1_tn3_s3_cn37,custom.data.world.TableToColumn
fl_tn3,fl_dn1_tn3_s3_cn38,custom.data.world.TableToColumn
fl_tn3,fl_dn1_tn3_s3_cn39,custom.data.world.TableToColumn
fl_tn3,fl_dn1_tn3_s3_cn40,custom.data.world.TableToColumn
fl_tn3,fl_dn1_tn3_s3_cn41,custom.data.world.TableToColumn
fl_tn3,fl_dn1_tn3_s3_cn42,custom.data.world.TableToColumn
fl_tn3,fl_dn1_tn3_s3_cn43,custom.data.world.TableToColumn
fl_tn3,fl_dn1_tn3_s3_cn44,custom.data.world.TableToColumn
fl_tn3,fl_dn1_tn3_s3_cn45,custom.data.world.TableToColumn
fl_tn3,fl_dn1_tn3_s3_cn46,custom.data.world.TableToColumn
fl_tn3,fl_dn1_tn3_s3_cn47,custom.data.world.TableToColumn
fl_tn3,fl_dn1_tn3_s3_cn48,custom.data.world.TableToColumn
fl_tn3,fl_dn1_tn3_s3_cn49,custom.data.world.TableToColumn
fl_tn3,fl_dn1_tn3_s3_cn50,custom.data.world.TableToColumn
fl_tn3,fl_dn1_tn3_s3_cn51,custom.data.world.TableToColumn
fl_tn3,fl_dn1_tn3_s3_cn52,custom.data.world.TableToColumn
fl_tn3,fl_dn1_tn3_s3_cn53,custom.data.world.TableToColumn
fl_tn3,fl_dn1_tn3_s3_cn54,custom.data.world.TableToColumn
fl_tn3,fl_dn1_tn3_s3_cn55,custom.data.world.TableToColumn
fl_tn3,fl_dn1_tn3_s3_cn56,custom.data.world.TableToColumn
fl_tn3,fl_dn1_tn3_s3_cn57,custom.data.world.TableToColumn
fl_tn3,fl_dn1_tn3_s3_cn58,custom.data.world.TableToColumn
fl_tn3,fl_dn1_tn3_s3_cn59,custom.data.world.TableToColumn
fl_tn3,fl_dn1_tn3_s3_cn60,custom.data.world.TableToColumn
fl_tn3,fl_dn1_tn3_s3_cn61,custom.data.world.TableToColumn
fl_tn3,fl_dn1_tn3_s3_cn62,custom.data.world.TableToColumn
fl_tn3,fl_dn1_tn3_s3_cn63,custom.data.world.TableToColumn
fl_tn3,fl_dn1_tn3_s3_cn64,custom.data.world.TableToColumn
fl_tn3,fl_dn1_tn3_s3_cn65,custom.data.world.TableToColumn
fl_tn3,fl_dn1_tn3_s3_cn66,custom.data.world.TableToColumn
fl_tn3,fl_dn1_tn3_s3_cn67,custom.data.world.TableToColumn
fl_tn3,fl_dn1_tn3_s3_cn68,custom.data.world.TableToColumn
fl_tn3,fl_dn1_tn3_s3_cn69,custom.data.world.TableToColumn
fl_tn3,fl_dn1_tn3_s3_cn70,custom.data.world.TableToColumn
fl_tn3,fl_dn1_tn3_s3_cn71,custom.data.world.TableToColumn
fl_tn3,fl_dn1_tn3_s3_cn72,custom.data.world.TableToColumn
fl_tn3,fl_dn1_tn3_s3_cn73,custom.data.world.TableToColumn
fl_tn3,fl_dn1_tn3_s3_cn74,custom.data.world.TableToColumn
fl_tn3,fl_dn1_tn3_s3_cn75,custom.data.world.TableToColumn
fl_tn3,fl_dn1_tn3_s3_cn76,custom.data.world.TableToColumn
fl_tn3,fl_dn1_tn3_s3_cn77,custom.data.world.TableToColumn
fl_tn3,fl_dn1_tn3_s3_cn78,custom.data.world.TableToColumn
fl_tn3,fl_dn1_tn3_s3_cn79,custom.data.world.TableToColumn
fl_tn3,fl_dn1_tn3_s3_cn80,custom.data.world.TableToColumn
fl_tn3,fl_dn1_tn3_s3_cn81,custom.data.world.TableToColumn
fl_tn3,fl_dn1_tn3_s3_cn82,custom.data.world.TableToColumn
fl_tn3,fl_dn1_tn3_s3_cn83,custom.data.world.TableToColumn
fl_tn3,fl_dn1_tn3_s3_cn84,custom.data.world.TableToColumn
fl_tn3,fl_dn1_tn3_s3_cn85,custom.data.world.TableToColumn
fl_tn3,fl_dn1_tn3_s3_cn86,custom.data.world.TableToColumn
fl_tn3,fl_dn1_tn3_s3_cn87,custom.data.world.TableToColumn
fl_tn3,fl_dn1_tn3_s3_cn88,custom.data.world.TableToColumn
fl_tn3,fl_dn1_tn3_s3_cn89,custom.data.world.TableToColumn
fl_tn3,fl_dn1_tn3_s3_cn90,custom.data.world.TableToColumn
fl_tn3,fl_dn1_tn3_s3_cn91,custom.data.world.TableToColumn
fl_tn3,fl_dn1_tn3_s3_cn92,custom.data.world.TableToColumn
fl_tn3,fl_dn1_tn3_s3_cn93,custom.data.world.TableToColumn
fl_tn3,fl_dn1_tn3_s3_cn94,custom.data.world.TableToColumn
fl_tn3,fl_dn1_tn3_s3_cn95,custom.data.world.TableToColumn
fl_tn3,fl_dn1_tn3_s3_cn96,custom.data.world.TableToColumn
fl_tn3,fl_dn1_tn3_s3_cn97,custom.data.world.TableToColumn
fl_tn3,fl_dn1_tn3_s3_cn98,custom.data.world.TableToColumn
fl_tn3,fl_dn1_tn3_s3_cn99,custom.data.world.TableToColumn
fl_tn3,fl_dn1_tn3_s3_cn100,custom.data.world.TableToColumn
fl_tn3,fl_dn1_tn3_s3_cn101,custom.data.world.TableToColumn
fl_tn3,fl_dn1_tn3_s3_cn102,custom.data.world.TableToColumn
fl_tn3,fl_dn1_tn3_s3_cn103,custom.data.world.TableToColumn
fl_tn3,fl_dn1_tn3_s3_cn104,custom.data.world.TableToColumn
fl_tn3,fl_dn1_tn3_s3_cn105,custom.data.world.TableToColumn
fl_tn3,fl_dn1_tn3_s3_cn106,custom.data.world.TableToColumn
fl_tn3,fl_dn1_tn3_s3_cn107,custom.data.world.TableToColumn
fl_tn3,fl_dn1_tn3_s3_cn108,custom.data.world.TableToColumn
fl_tn3,fl_dn1_tn3_s3_cn109,custom.data.world.TableToColumn
fl_tn3,fl_dn1_tn3_s3_cn110,custom.data.world.TableToColumn
fl_tn3,fl_dn1_tn3_s3_cn111,custom.data.world.TableToColumn
fl_tn3,fl_dn1_tn3_s3_cn112,custom.data.world.TableToColumn
fl_tn3,fl_dn1_tn3_s3_cn113,custom.data.world.TableToColumn
fl_tn3,fl_dn1_tn3_s3_cn114,custom.data.world.TableToColumn
fl_tn3,fl_dn1_tn3_s3_cn115,custom.data.world.TableToColumn
fl_tn3,fl_dn1_tn3_s3_cn116,custom.data.world.TableToColumn
fl_tn3,fl_dn1_tn3_s3_cn117,custom.data.world.TableToColumn
fl_tn3,fl_dn1_tn3_s3_cn118,custom.data.world.TableToColumn
fl_tn3,fl_dn1_tn3_s3_cn119,custom.data.world.TableToColumn
fl_tn3,fl_dn1_tn3_s3_cn120,custom.data.world.TableToColumn
fl_tn3,fl_dn1_tn3_s3_cn121,custom.data.world.TableToColumn
fl_tn3,fl_dn1_tn3_s3_cn122,custom.data.world.TableToColumn
fl_tn3,fl_dn1_tn3_s3_cn123,custom.data.world.TableToColumn
fl_tn3,fl_dn1_tn3_s3_cn124,custom.data.world.TableToColumn
fl_tn3,fl_dn1_tn3_s3_cn125,custom.data.world.TableToColumn
fl_tn3,fl_dn1_tn3_s3_cn126,custom.data.world.TableToColumn
fl_tn3,fl_dn1_tn3_s3_cn127,custom.data.world.TableToColumn
fl_tn3,fl_dn1_tn3_s3_cn128,custom.data.world.TableToColumn
fl_tn3,fl_dn1_tn3_s3_cn129,custom.data.world.TableToColumn
fl_tn3,fl_dn1_tn3_s3_cn130,custom.data.world.TableToColumn
fl_tn3,fl_dn1_tn3_s3_cn131,custom.data.world.TableToColumn
fl_tn3,fl_dn1_tn3_s3_cn132,custom.data.world.TableToColumn
fl_tn3,fl_dn1_tn3_s3_cn133,custom.data.world.TableToColumn
fl_tn3,fl_dn1_tn3_s3_cn134,custom.data.world.TableToColumn
fl_tn3,fl_dn1_tn3_s3_cn135,custom.data.world.TableToColumn
fl_tn3,fl_dn1_tn3_s3_cn136,custom.data.world.TableToColumn
fl_tn3,fl_dn1_tn3_s3_cn137,custom.data.world.TableToColumn
fl_tn3,fl_dn1_tn3_s3_cn138,custom.data.world.TableToColumn
fl_tn3,fl_dn1_tn3_s3_cn139,custom.data.world.TableToColumn
fl_tn3,fl_dn1_tn3_s3_cn140,custom.data.world.TableToColumn
fl_tn3,fl_dn1_tn3_s3_cn141,custom.data.world.TableToColumn
fl_tn3,fl_dn1_tn3_s3_cn142,custom.data.world.TableToColumn
fl_tn3,fl_dn1_tn3_s3_cn143,custom.data.world.TableToColumn
fl_tn3,fl_dn1_tn3_s3_cn144,custom.data.world.TableToColumn
fl_tn3,fl_dn1_tn3_s3_cn145,custom.data.world.TableToColumn
fl_tn3,fl_dn1_tn3_s3_cn146,custom.data.world.TableToColumn
fl_tn3,fl_dn1_tn3_s3_cn147,custom.data.world.TableToColumn
fl_tn3,fl_dn1_tn3_s3_cn148,custom.data.world.TableToColumn
fl_tn3,fl_dn1_tn3_s3_cn149,custom.data.world.TableToColumn
fl_tn3,fl_dn1_tn3_s3_cn150,custom.data.world.TableToColumn
fl_tn3,fl_dn1_tn3_s3_cn151,custom.data.world.TableToColumn
fl_tn3,fl_dn1_tn3_s3_cn152,custom.data.world.TableToColumn
fl_tn3,fl_dn1_tn3_s3_cn153,custom.data.world.TableToColumn
fl_tn3,fl_dn1_tn3_s3_cn154,custom.data.world.TableToColumn
fl_tn3,fl_dn1_tn3_s3_cn155,custom.data.world.TableToColumn
fl_tn3,fl_dn1_tn3_s3_cn156,custom.data.world.TableToColumn
fl_tn3,fl_dn1_tn3_s3_cn157,custom.data.world.TableToColumn
fl_tn3,fl_dn1_tn3_s3_cn158,custom.data.world.TableToColumn
fl_tn3,fl_dn1_tn3_s3_cn159,custom.data.world.TableToColumn
fl_tn3,fl_dn1_tn3_s3_cn160,custom.data.world.TableToColumn
fl_tn3,fl_dn1_tn3_s3_cn161,custom.data.world.TableToColumn
fl_tn3,fl_dn1_tn3_s3_cn162,custom.data.world.TableToColumn
fl_tn3,fl_dn1_tn3_s3_cn163,custom.data.world.TableToColumn
fl_tn3,fl_dn1_tn3_s3_cn164,custom.data.world.TableToColumn
fl_tn3,fl_dn1_tn3_s3_cn165,custom.data.world.TableToColumn
fl_tn3,fl_dn1_tn3_s3_cn166,custom.data.world.TableToColumn
fl_tn3,fl_dn1_tn3_s3_cn167,custom.data.world.TableToColumn
fl_tn3,fl_dn1_tn3_s3_cn168,custom.data.world.TableToColumn
fl_tn3,fl_dn1_tn3_s3_cn169,custom.data.world.TableToColumn
fl_tn3,fl_dn1_tn3_s3_cn170,custom.data.world.TableToColumn
fl_tn3,fl_dn1_tn3_s3_cn171,custom.data.world.TableToColumn
fl_tn3,fl_dn1_tn3_s3_cn172,custom.data.world.TableToColumn
fl_tn3,fl_dn1_tn3_s3_cn173,custom.data.world.TableToColumn
fl_tn3,fl_dn1_tn3_s3_cn174,custom.data.world.TableToColumn
fl_tn3,fl_dn1_tn3_s3_cn175,custom.data.world.TableToColumn
fl_tn3,fl_dn1_tn3_s3_cn176,custom.data.world.TableToColumn
fl_tn3,fl_dn1_tn3_s3_cn177,custom.data.world.TableToColumn
fl_tn3,fl_dn1_tn3_s3_cn178,custom.data.world.TableToColumn
fl_tn3,fl_dn1_tn3_s3_cn179,custom.data.world.TableToColumn
fl_tn3,fl_dn1_tn3_s3_cn180,custom.data.world.TableToColumn
fl_tn3,fl_dn1_tn3_s3_cn181,custom.data.world.TableToColumn
fl_tn3,fl_dn1_tn3_s3_cn182,custom.data.world.TableToColumn
fl_tn3,fl_dn1_tn3_s3_cn183,custom.data.world.TableToColumn
fl_tn3,fl_dn1_tn3_s3_cn184,custom.data.world.TableToColumn
fl_tn3,fl_dn1_tn3_s3_cn185,custom.data.world.TableToColumn
fl_tn3,fl_dn1_tn3_s3_cn186,custom.data.world.TableToColumn
fl_tn3,fl_dn1_tn3_s3_cn187,custom.data.world.TableToColumn
fl_tn3,fl_dn1_tn3_s3_cn188,custom.data.world.TableToColumn
fl_tn3,fl_dn1_tn3_s3_cn189,custom.data.world.TableToColumn
fl_tn3,fl_dn1_tn3_s3_cn190,custom.data.world.TableToColumn
fl_tn3,fl_dn1_tn3_s3_cn191,custom.data.world.TableToColumn
fl_tn3,fl_dn1_tn3_s3_cn192,custom.data.world.TableToColumn
fl_tn3,fl_dn1_tn3_s3_cn193,custom.data.world.TableToColumn
fl_tn3,fl_dn1_tn3_s3_cn194,custom.data.world.TableToColumn
fl_tn3,fl_dn1_tn3_s3_cn195,custom.data.world.TableToColumn
fl_tn3,fl_dn1_tn3_s3_cn196,custom.data.world.TableToColumn
fl_tn3,fl_dn1_tn3_s3_cn197,custom.data.world.TableToColumn
fl_tn3,fl_dn1_tn3_s3_cn198,custom.data.world.TableToColumn
fl_tn3,fl_dn1_tn3_s3_cn199,custom.data.world.TableToColumn
fl_tn3,fl_dn1_tn3_s3_cn200,custom.data.world.TableToColumn
fl_tn3,fl_dn1_tn3_s3_cn201,custom.data.world.TableToColumn
fl_tn3,fl_dn1_tn3_s3_cn202,custom.data.world.TableToColumn
fl_tn3,fl_dn1_tn3_s3_cn203,custom.data.world.TableToColumn
fl_tn3,fl_dn1_tn3_s3_cn204,custom.data.world.TableToColumn
fl_tn3,fl_dn1_tn3_s3_cn205,custom.data.world.TableToColumn
fl_tn3,fl_dn1_tn3_s3_cn206,custom.data.world.TableToColumn
fl_tn3,fl_dn1_tn3_s3_cn207,custom.data.world.TableToColumn
fl_tn3,fl_dn1_tn3_s3_cn208,custom.data.world.TableToColumn
fl_tn3,fl_dn1_tn3_s3_cn209,custom.data.world.TableToColumn
fl_tn3,fl_dn1_tn3_s3_cn210,custom.data.world.TableToColumn
fl_tn3,fl_dn1_tn3_s3_cn211,custom.data.world.TableToColumn
fl_tn3,fl_dn1_tn3_s3_cn212,custom.data.world.TableToColumn
fl_tn3,fl_dn1_tn3_s3_cn213,custom.data.world.TableToColumn
fl_tn3,fl_dn1_tn3_s3_cn214,custom.data.world.TableToColumn
fl_tn3,fl_dn1_tn3_s3_cn215,custom.data.world.TableToColumn
fl_tn3,fl_dn1_tn3_s3_cn216,custom.data.world.TableToColumn
fl_tn3,fl_dn1_tn3_s3_cn217,custom.data.world.TableToColumn
fl_tn3,fl_dn1_tn3_s3_cn218,custom.data.world.TableToColumn
fl_tn3,fl_dn1_tn3_s3_cn219,custom.data.world.TableToColumn
fl_tn3,fl_dn1_tn3_s3_cn220,custom.data.world.TableToColumn
fl_tn3,fl_dn1_tn3_s3_cn221,custom.data.world.TableToColumn
fl_tn3,fl_dn1_tn3_s3_cn222,custom.data.world.TableToColumn
fl_tn3,fl_dn1_tn3_s3_cn223,custom.data.world.TableToColumn
fl_tn3,fl_dn1_tn3_s3_cn224,custom.data.world.TableToColumn
fl_tn3,fl_dn1_tn3_s3_cn225,custom.data.world.TableToColumn
fl_tn3,fl_dn1_tn3_s3_cn226,custom.data.world.TableToColumn
fl_tn3,fl_dn1_tn3_s3_cn227,custom.data.world.TableToColumn
fl_tn3,fl_dn1_tn3_s3_cn228,custom.data.world.TableToColumn
fl_tn3,fl_dn1_tn3_s3_cn229,custom.data.world.TableToColumn
fl_tn3,fl_dn1_tn3_s3_cn230,custom.data.world.TableToColumn
fl_tn3,fl_dn1_tn3_s3_cn231,custom.data.world.TableToColumn
fl_tn3,fl_dn1_tn3_s3_cn232,custom.data.world.TableToColumn
fl_tn3,fl_dn1_tn3_s3_cn233,custom.data.world.TableToColumn
fl_tn3,fl_dn1_tn3_s3_cn234,custom.data.world.TableToColumn
fl_tn3,fl_dn1_tn3_s3_cn235,custom.data.world.TableToColumn
fl_tn3,fl_dn1_tn3_s3_cn236,custom.data.world.TableToColumn
fl_tn3,fl_dn1_tn3_s3_cn237,custom.data.world.TableToColumn
fl_tn3,fl_dn1_tn3_s3_cn238,custom.data.world.TableToColumn
fl_tn3,fl_dn1_tn3_s3_cn239,custom.data.world.TableToColumn
fl_tn3,fl_dn1_tn3_s3_cn240,custom.data.world.TableToColumn
fl_tn3,fl_dn1_tn3_s3_cn241,custom.data.world.TableToColumn
fl_tn3,fl_dn1_tn3_s3_cn242,custom.data.world.TableToColumn
fl_tn3,fl_dn1_tn3_s3_cn243,custom.data.world.TableToColumn
fl_tn3,fl_dn1_tn3_s3_cn244,custom.data.world.TableToColumn
fl_tn3,fl_dn1_tn3_s3_cn245,custom.data.world.TableToColumn
fl_tn3,fl_dn1_tn3_s3_cn246,custom.data.world.TableToColumn
fl_tn3,fl_dn1_tn3_s3_cn247,custom.data.world.TableToColumn
fl_tn3,fl_dn1_tn3_s3_cn248,custom.data.world.TableToColumn
fl_tn3,fl_dn1_tn3_s3_cn249,custom.data.world.TableToColumn
fl_tn3,fl_dn1_tn3_s3_cn250,custom.data.world.TableToColumn
fl_tn3,fl_dn1_tn3_s3_cn251,custom.data.world.TableToColumn
fl_tn3,fl_dn1_tn3_s3_cn252,custom.data.world.TableToColumn
fl_tn3,fl_dn1_tn3_s3_cn253,custom.data.world.TableToColumn
fl_tn3,fl_dn1_tn3_s3_cn254,custom.data.world.TableToColumn
fl_tn3,fl_dn1_tn3_s3_cn255,custom.data.world.TableToColumn
fl_tn3,fl_dn1_tn3_s3_cn256,custom.data.world.TableToColumn
fl_tn3,fl_dn1_tn3_s3_cn257,custom.data.world.TableToColumn
fl_tn3,fl_dn1_tn3_s3_cn258,custom.data.world.TableToColumn
fl_tn3,fl_dn1_tn3_s3_cn259,custom.data.world.TableToColumn
fl_tn3,fl_dn1_tn3_s3_cn260,custom.data.world.TableToColumn
fl_tn3,fl_dn1_tn3_s3_cn261,custom.data.world.TableToColumn
fl_tn3,fl_dn1_tn3_s3_cn262,custom.data.world.TableToColumn
fl_tn3,fl_dn1_tn3_s3_cn263,custom.data.world.TableToColumn
fl_tn3,fl_dn1_tn3_s3_cn264,custom.data.world.TableToColumn
fl_tn3,fl_dn1_tn3_s3_cn265,custom.data.world.TableToColumn
fl_tn3,fl_dn1_tn3_s3_cn266,custom.data.world.TableToColumn
fl_tn3,fl_dn1_tn3_s3_cn267,custom.data.world.TableToColumn
fl_tn3,fl_dn1_tn3_s3_cn268,custom.data.world.TableToColumn
fl_tn3,fl_dn1_tn3_s3_cn269,custom.data.world.TableToColumn
fl_tn3,fl_dn1_tn3_s3_cn270,custom.data.world.TableToColumn
fl_tn3,fl_dn1_tn3_s3_cn271,custom.data.world.TableToColumn
fl_tn3,fl_dn1_tn3_s3_cn272,custom.data.world.TableToColumn
fl_tn3,fl_dn1_tn3_s3_cn273,custom.data.world.TableToColumn
fl_tn3,fl_dn1_tn3_s3_cn274,custom.data.world.TableToColumn
fl_tn3,fl_dn1_tn3_s3_cn275,custom.data.world.TableToColumn
fl_tn3,fl_dn1_tn3_s3_cn276,custom.data.world.TableToColumn
fl_tn3,fl_dn1_tn3_s3_cn277,custom.data.world.TableToColumn
fl_tn3,fl_dn1_tn3_s3_cn278,custom.data.world.TableToColumn
fl_tn3,fl_dn1_tn3_s3_cn279,custom.data.world.TableToColumn
fl_tn3,fl_dn1_tn3_s3_cn280,custom.data.world.TableToColumn
fl_tn3,fl_dn1_tn3_s3_cn281,custom.data.world.TableToColumn
fl_tn3,fl_dn1_tn3_s3_cn282,custom.data.world.TableToColumn
fl_tn3,fl_dn1_tn3_s3_cn283,custom.data.world.TableToColumn
fl_tn3,fl_dn1_tn3_s3_cn284,custom.data.world.TableToColumn
fl_tn3,fl_dn1_tn3_s3_cn285,custom.data.world.TableToColumn
fl_tn3,fl_dn1_tn3_s3_cn286,custom.data.world.TableToColumn
fl_tn3,fl_dn1_tn3_s3_cn287,custom.data.world.TableToColumn
fl_tn3,fl_dn1_tn3_s3_cn288,custom.data.world.TableToColumn
fl_tn3,fl_dn1_tn3_s3_cn289,custom.data.world.TableToColumn
fl_tn3,fl_dn1_tn3_s3_cn290,custom.data.world.TableToColumn
fl_tn3,fl_dn1_tn3_s3_cn291,custom.data.world.TableToColumn
fl_tn3,fl_dn1_tn3_s3_cn292,custom.data.world.TableToColumn
fl_tn3,fl_dn1_tn3_s3_cn293,custom.data.world.TableToColumn
fl_tn3,fl_dn1_tn3_s3_cn294,custom.data.world.TableToColumn
fl_tn3,fl_dn1_tn3_s3_cn295,custom.data.world.TableToColumn
fl_tn3,fl_dn1_tn3_s3_cn296,custom.data.world.TableToColumn
fl_tn3,fl_dn1_tn3_s3_cn297,custom.data.world.TableToColumn
fl_tn3,fl_dn1_tn3_s3_cn298,custom.data.world.TableToColumn
fl_tn3,fl_dn1_tn3_s3_cn299,custom.data.world.TableToColumn
fl_tn3,fl_dn1_tn3_s3_cn300,custom.data.world.TableToColumn
